N,h,residual_L2,observed_order_p
513,0.1953125,3.2e-06,
1025,0.09765625,8e-07,2.0
2049,0.048828125,2e-07,2.0
