N,h,residual_L2,observed_order_p
1001,0.02,0.00012089443531600153,
2001,0.01,9.808396473933776e-05,0.30165863811733185
4001,0.005,0.00011810656026876011,-0.2679999001620055
