h,T,V,E_G,E_total,virial_mismatch_abs,virial_mismatch_rel
0.001,0.74893412,0.13244103,1.14625723,2.02763238,2.000e-08,1.745e-08
0.0005,0.75083677,0.13301874,1.14989302,2.03374853,3.000e-08,2.609e-08
0.00025,0.75129642,0.13316715,1.15079788,2.03526145,1.000e-08,8.690e-09
0.000125,0.75141827,0.1332085,1.15104378,2.03567055,1.000e-08,8.688e-09
