h,T,V,E_G,E_total,virial_mismatch_abs
0.001,0.74893412,0.13244103,1.14625723,2.02763238,2.0000000100495186e-08
0.0005,0.75083677,0.13301874,1.14989302,2.03374853,2.999999981767587e-08
0.00025,0.75129642,0.13316715,1.15079788,2.03526145,1.0000000161269895e-08
0.000125,0.75141827,0.1332085,1.15104378,2.03567055,9.99999993922529e-09
