iter,residual_L2,cpu_cum
0.0,2.558759986583391e-06,0.0
1.0,1.9446749194149186e-11,0.010312557220458984
