level,h,E2_T,E_V,E4,E4_minus_E2_minus_3EV,rel_mismatch
0,0.001,0.74893412,0.13244103,1.14625723,2.000e-08,1.745e-08
1,0.0005,0.75083677,0.13301874,1.14989302,3.000e-08,2.609e-08
2,0.00025,0.75129642,0.13316715,1.15079788,1.000e-08,8.690e-09
3,0.000125,0.75141827,0.1332085,1.15104378,1.000e-08,8.688e-09
