level,h,E2_T,E_V,E4,E4_minus_E2_minus_3EV,rel_mismatch
0,0.02,0.9427591116939658,0.47140434602561515,0.0,-2.356972149770811,6.222742282323556e-05
1,0.01,0.9427783642264016,0.47141357480599533,0.0,-2.3570190886443876,5.048580685302024e-05
2,0.005,0.9427832813295869,0.4714158300014657,0.0,-2.357030771333984,6.0791695549872006e-05
